time,steps,reward,speed,biped,energy
15,0,59.38,2.185,65.891,25220.5
86,5570560,106.32,18.330,80.820,18508.8
133,11141120,432.81,155.031,250.453,51645.7
172,16711680,1905.90,646.206,982.234,180159.8
211,22282240,2173.71,755.967,1000.000,127042.3
250,27852800,2229.50,759.463,990.242,88472.3
289,33423360,2284.33,767.718,1000.000,72172.2
327,38993920,2300.29,768.547,1000.000,63921.9
365,44564480,2311.48,768.126,1000.000,58456.3
403,50135040,2262.50,751.637,978.578,56135.1
442,55705600,2319.22,770.995,1000.000,54662.7
480,61276160,2304.96,764.646,992.820,52631.5
